{
  "development": {
    "username": "cgencer",
    "password": "Sq8DkHgT3pKX",
    "database": "neondb",
    "host": "ep-empty-truth-11576516.us-west-2.aws.neon.tech",
    "dialect": "postgres"
  },
  "test": {
    "username": "cgencer",
    "password": "Sq8DkHgT3pKX",
    "database": "neondb",
    "host": "ep-empty-truth-11576516.us-west-2.aws.neon.tech",
    "dialect": "postgres"
  },
  "production": {
    "username": "cgencer",
    "password": "Sq8DkHgT3pKX",
    "database": "neondb",
    "host": "ep-empty-truth-11576516.us-west-2.aws.neon.tech",
    "dialect": "postgres"
  }
}
