{
  "spaces": true,
  "indentation": 2,
  "directory": "src/models/",
  "additional": {},
  "dialect": "postgres",
  "port": 5432,
  "username": "postgres",
  "password": "postgres",
  "host": "0.tcp.ngrok.io",
  "database": "icebreaker",
  "storage": "icebreaker",
  "tables": [ "Users", "Contents", "CrossBindings" ],
  "skipTables": null,
  "skipFields": null,
  "pkSuffixes": null,
  "lang": "ts",
  "noAlias": false,
  "noInitModels": false,
  "noWrite": false,
  "views": false,
  "singularize": false,
  "useDefine": false,
  "noIndexes": false
}